{
  "version": 1,
  "author": "Bandagonda Radhika",
  "editor": "wokwi",
  "parts": [
    { "type": "wokwi-arduino-uno", "id": "uno", "top": 481.59, "left": 140.36, "attrs": {} },
    {
      "type": "wokwi-led",
      "id": "led1",
      "top": -178.19,
      "left": 446.1,
      "attrs": { "color": "red" }
    },
    { "type": "wokwi-servo", "id": "servo1", "top": 270.7, "left": 184.8, "attrs": {} }
  ],
  "connections": [
    [ "uno:GND.1", "servo1:GND", "black", [ "v0" ] ],
    [ "servo1:V+", "uno:5V", "green", [ "h0" ] ],
    [ "servo1:PWM", "uno:11", "green", [ "h0" ] ]
  ]
}